{
  "reconstruction_loss": [
    3.9318184852600098,
    3.931208848953247,
    3.9309890270233154,
    3.9301598072052,
    3.929518938064575,
    3.9285848140716553,
    3.9274003505706787,
    3.9260647296905518,
    3.9232709407806396,
    3.9215481281280518
  ],
  "diffusion_loss": [
    0.0,
    0.0,
    0.0,
    0.0,
    0.0,
    0.0,
    0.0,
    0.0,
    0.0,
    0.0
  ],
  "total_loss": [
    3.9318184852600098,
    3.931208848953247,
    3.9309890270233154,
    3.9301598072052,
    3.929518938064575,
    3.9285848140716553,
    3.9274003505706787,
    3.9260647296905518,
    3.9232709407806396,
    3.9215481281280518
  ]
}