{
  "reconstruction_loss": [
    5.257491111755371,
    5.2575249671936035,
    5.257454872131348,
    5.257460117340088,
    5.257436275482178,
    5.257338523864746,
    5.257225513458252,
    5.257342338562012,
    5.25675630569458,
    5.256636142730713,
    5.254543781280518,
    5.252991676330566,
    5.2340497970581055,
    5.252025127410889,
    5.2269110679626465,
    5.20313835144043,
    5.22617244720459,
    5.20120096206665,
    5.22065544128418,
    5.209587574005127
  ],
  "diffusion_loss": [
    0.0,
    0.0,
    0.0,
    0.0,
    0.0,
    0.0,
    0.0,
    0.0,
    0.0,
    0.0,
    0.0,
    0.0,
    0.0,
    0.0,
    0.0,
    0.0,
    0.0,
    0.0,
    0.0,
    0.0
  ],
  "total_loss": [
    5.257491111755371,
    5.2575249671936035,
    5.257454872131348,
    5.257460117340088,
    5.257436275482178,
    5.257338523864746,
    5.257225513458252,
    5.257342338562012,
    5.25675630569458,
    5.256636142730713,
    5.254543781280518,
    5.252991676330566,
    5.2340497970581055,
    5.252025127410889,
    5.2269110679626465,
    5.20313835144043,
    5.22617244720459,
    5.20120096206665,
    5.22065544128418,
    5.209587574005127
  ]
}