{
  "reconstruction_loss": [
    5.257568359375,
    5.257577419281006,
    5.257543563842773,
    5.2575788497924805,
    5.257474422454834,
    5.25761604309082,
    5.2576799392700195,
    5.25736665725708,
    5.257251739501953,
    5.257288932800293,
    5.257404804229736,
    5.25710916519165,
    5.257350444793701,
    5.257201671600342,
    5.25725793838501,
    5.256974697113037,
    5.257381439208984,
    5.256779193878174,
    5.257086277008057,
    5.2569193840026855,
    5.257471561431885,
    5.256200313568115,
    5.257106304168701,
    5.2556986808776855,
    5.255853652954102,
    5.257071018218994,
    5.252079963684082,
    5.257016658782959,
    5.257213115692139,
    5.251445293426514,
    5.253963947296143,
    5.235410690307617,
    5.240475654602051,
    5.237681865692139,
    5.213136196136475,
    5.243349075317383,
    5.223549842834473,
    5.214237213134766,
    5.16607141494751,
    5.213723659515381,
    5.240924835205078,
    5.2662353515625,
    5.210793972015381,
    5.213759899139404,
    5.213743686676025,
    5.189473628997803,
    5.218769550323486,
    5.240760326385498,
    5.266384124755859,
    5.240085124969482,
    5.212346076965332,
    5.2663984298706055,
    5.218784332275391,
    5.168842792510986,
    5.1853227615356445,
    5.266403675079346,
    5.150125026702881,
    5.266402244567871,
    5.240087985992432,
    5.266403675079346,
    5.161141872406006,
    5.218784809112549,
    5.266404628753662,
    5.266404151916504,
    5.193233489990234,
    5.175495147705078,
    5.187455654144287,
    5.238626480102539,
    5.24008846282959,
    5.266404151916504
  ],
  "diffusion_loss": [
    0.0,
    0.0,
    0.0,
    0.0,
    0.0,
    0.0,
    0.0,
    0.0,
    0.0,
    0.0,
    0.0,
    0.0,
    0.0,
    0.0,
    0.0,
    0.0,
    0.0,
    0.0,
    0.0,
    0.0,
    0.0,
    0.0,
    0.0,
    0.0,
    0.0,
    0.0,
    0.0,
    0.0,
    0.0,
    0.0,
    0.0,
    0.0,
    0.0,
    0.0,
    0.0,
    0.0,
    0.0,
    0.0,
    0.0,
    0.0,
    0.0,
    0.0,
    0.0,
    0.0,
    0.0,
    0.0,
    0.0,
    0.0,
    0.0,
    0.0,
    0.0,
    0.0,
    0.0,
    0.0,
    0.0,
    0.0,
    0.0,
    0.0,
    0.0,
    0.0,
    0.0,
    0.0,
    0.0,
    0.0,
    0.0,
    0.0,
    0.0,
    0.0,
    0.0,
    0.0
  ],
  "total_loss": [
    5.257568359375,
    5.257577419281006,
    5.257543563842773,
    5.2575788497924805,
    5.257474422454834,
    5.25761604309082,
    5.2576799392700195,
    5.25736665725708,
    5.257251739501953,
    5.257288932800293,
    5.257404804229736,
    5.25710916519165,
    5.257350444793701,
    5.257201671600342,
    5.25725793838501,
    5.256974697113037,
    5.257381439208984,
    5.256779193878174,
    5.257086277008057,
    5.2569193840026855,
    5.257471561431885,
    5.256200313568115,
    5.257106304168701,
    5.2556986808776855,
    5.255853652954102,
    5.257071018218994,
    5.252079963684082,
    5.257016658782959,
    5.257213115692139,
    5.251445293426514,
    5.253963947296143,
    5.235410690307617,
    5.240475654602051,
    5.237681865692139,
    5.213136196136475,
    5.243349075317383,
    5.223549842834473,
    5.214237213134766,
    5.16607141494751,
    5.213723659515381,
    5.240924835205078,
    5.2662353515625,
    5.210793972015381,
    5.213759899139404,
    5.213743686676025,
    5.189473628997803,
    5.218769550323486,
    5.240760326385498,
    5.266384124755859,
    5.240085124969482,
    5.212346076965332,
    5.2663984298706055,
    5.218784332275391,
    5.168842792510986,
    5.1853227615356445,
    5.266403675079346,
    5.150125026702881,
    5.266402244567871,
    5.240087985992432,
    5.266403675079346,
    5.161141872406006,
    5.218784809112549,
    5.266404628753662,
    5.266404151916504,
    5.193233489990234,
    5.175495147705078,
    5.187455654144287,
    5.238626480102539,
    5.24008846282959,
    5.266404151916504
  ]
}