{
  "diffusion_loss": [
    1.0987879037857056,
    1.0986328125,
    1.0985223054885864,
    1.0990391969680786,
    1.097543478012085,
    1.0986276865005493,
    1.0983939170837402,
    1.0972574949264526,
    1.0977985858917236,
    1.0968477725982666,
    1.0966395139694214,
    1.0956792831420898,
    1.096693754196167,
    1.0953141450881958,
    1.0959888696670532,
    1.0958633422851562,
    1.095980167388916,
    1.0965185165405273,
    1.0953139066696167,
    1.0952955484390259
  ],
  "decoder_loss_from_diffusion": [
    5.257499694824219,
    5.257501125335693,
    5.257478713989258,
    5.2575273513793945,
    5.257495880126953,
    5.257500648498535,
    5.257495880126953,
    5.2574920654296875,
    5.257483959197998,
    5.257534980773926,
    5.257497787475586,
    5.257491111755371,
    5.2574896812438965,
    5.2575225830078125,
    5.257508754730225,
    5.257472038269043,
    5.257498741149902,
    5.257483959197998,
    5.2574872970581055,
    5.257491111755371
  ],
  "total_loss": [
    1.0987879037857056,
    1.0986328125,
    1.0985223054885864,
    1.0990391969680786,
    1.097543478012085,
    1.0986276865005493,
    1.0983939170837402,
    1.0972574949264526,
    1.0977985858917236,
    1.0968477725982666,
    1.0966395139694214,
    1.0956792831420898,
    1.096693754196167,
    1.0953141450881958,
    1.0959888696670532,
    1.0958633422851562,
    1.095980167388916,
    1.0965185165405273,
    1.0953139066696167,
    1.0952955484390259
  ]
}